{
  "orchestrator_pid": 36180,
  "worker_count": 3,
  "workers": {
    "Worker-1771291048554-1": {
      "pid": 36183,
      "status": "busy",
      "started_at": 1771291048.558602,
      "tasks_completed": 0,
      "restart_count": 0
    },
    "Worker-1771291626056": {
      "pid": 36893,
      "status": "failed",
      "started_at": 1771291626.254345,
      "tasks_completed": 0,
      "restart_count": 3
    },
    "Worker-1771291687444": {
      "pid": 36923,
      "status": "busy",
      "started_at": 1771291687.4562838,
      "tasks_completed": 0,
      "restart_count": 3
    }
  }
}